,name,external_id,external_id_source,lat,lng,address,minimum_age,url
0,Downtown Tucson,562654837411383,facebook_places,32.221721481956,-110.96865654403,0.1mi · Downtown Tucson,,https://www.instagram.com/explore/locations/562654837411383
1,"Saguaro National Park, Tucson Arizona",648372615536605,facebook_places,32.2192028,-110.9705222,<0.1mi,,https://www.instagram.com/explore/locations/648372615536605
2,"Tucson, Arizona",109570449061083,facebook_places,32.219,-110.9708,<0.1mi,,https://www.instagram.com/explore/locations/109570449061083
3,Children's Museum Tucson,182836631750874,facebook_places,32.219195,-110.969215,"<0.1mi · 200 S 6th Ave, Tucson, Arizona",,https://www.instagram.com/explore/locations/182836631750874
4,Cathedral of Saint Augustine,219977018086240,facebook_places,32.21935,-110.97116,<0.1mi · 192 S Stone Ave,,https://www.instagram.com/explore/locations/219977018086240
5,Armory Park,857160197699489,facebook_places,32.215954,-110.966304,"0.4mi · 221 S 6th Ave, Armory Park, Tucson",,https://www.instagram.com/explore/locations/857160197699489
6,Tucson Parade of Lights,152792428678182,facebook_places,32.21907,-110.96915,"<0.1mi · 220 S. 6th Avenue, Downtown Tucson",,https://www.instagram.com/explore/locations/152792428678182
7,Downtown Tucson,283507751922,facebook_places,32.22318,-110.97107,"0.2mi · 100 N. Stone Avenue, Suite 101, Tucson, Arizona",,https://www.instagram.com/explore/locations/283507751922
8,"Tucson, Arizona",2056643491290428,facebook_places,32.219,-110.9708,<0.1mi,,https://www.instagram.com/explore/locations/2056643491290428
9,Tucson Scottish Rite,699986073366526,facebook_places,32.2196586,-110.9698245,"<0.1mi · 160 S Scott Ave, Tucson, Arizona",,https://www.instagram.com/explore/locations/699986073366526
10,Tucson,103306668493204,facebook_places,32.219,-110.9708,<0.1mi,,https://www.instagram.com/explore/locations/103306668493204
11,"The Rialto Theatre/Tucson, Arizona",8309803659,facebook_places,32.2217216,-110.9664535,"0.2mi · 318 E. Congress Street, Tucson, Arizona",,https://www.instagram.com/explore/locations/8309803659
12,Fox Tucson Theatre,79274587995,facebook_places,32.2220224,-110.9716152,"0.2mi · 17 W Congress St, Tucson, Arizona",,https://www.instagram.com/explore/locations/79274587995
13,"Barrio Historico, Tucson",729454373790821,facebook_places,32.220621,-110.971202,<0.1mi · 100 S Stone Ave,,https://www.instagram.com/explore/locations/729454373790821
14,"Lemmon Lookout Trail, Mount Lemmon, AZ",111708896913825,facebook_places,32.293850357725,-110.83425275842,9.4mi,,https://www.instagram.com/explore/locations/111708896913825
15,Stillwell House,177860442739,facebook_places,32.2200821,-110.967401,"0.2mi · 134 S 5th Ave, Tucson, Arizona",,https://www.instagram.com/explore/locations/177860442739
16,Tucson Children'smuseum,103038761084966,facebook_places,32.2193764,-110.9691944,<0.1mi,,https://www.instagram.com/explore/locations/103038761084966
17,Hotel Congress,156912258452,facebook_places,32.222248,-110.966648,"0.3mi · 311 E Congress St, Tucson, Arizona",,https://www.instagram.com/explore/locations/156912258452
18,4th Avenue,132856003473680,facebook_places,32.2019504,-110.8427575,7.5mi,,https://www.instagram.com/explore/locations/132856003473680
19,SculptureTucson.Org,108711129795551,facebook_places,32.2204,-110.96855,"<0.1mi · 3420 East River Road, Tucson, Arizona",,https://www.instagram.com/explore/locations/108711129795551
20,Cobra Arcade Tucson,275969249559252,facebook_places,32.2220663,-110.9699604,"0.1mi · 63 E. Congress, Tucson, Arizona",,https://www.instagram.com/explore/locations/275969249559252
21,Aaron Masonic Lodge #49 F&AM,219339061410796,facebook_places,32.219694433988,-110.96998726422,"<0.1mi · 160 S Scott Ave, Tucson, Arizona",,https://www.instagram.com/explore/locations/219339061410796
22,Temple of Music and Art,137835289612333,facebook_places,32.217875987303,-110.97007340637,"0.1mi · 330 S Scott Ave, Tucson, AZ",,https://www.instagram.com/explore/locations/137835289612333
23,"The Leo Kent Hotel, Tucson, a Tribute Portfolio Hotel",109725398585493,facebook_places,32.221282,-110.971946,"0.1mi · 1 South Church Avenue, Tucson",,https://www.instagram.com/explore/locations/109725398585493
24,Mt Lemmon Windy Point,109692070659178,facebook_places,32.219,-110.9708,<0.1mi,,https://www.instagram.com/explore/locations/109692070659178
25,La Chingada Cocina Mexicana,111552197105711,facebook_places,32.2230925,-110.9696029,"0.2mi · 110 E Pennington St., Tucson",,https://www.instagram.com/explore/locations/111552197105711
26,T.E.P  Building,111563999025484,facebook_places,32.220959338169,-110.96917593142,<0.1mi,,https://www.instagram.com/explore/locations/111563999025484
27,Penca,395002793921380,facebook_places,32.2210061,-110.9700256,"<0.1mi · 50 E Broadway Blvd, Tucson, Arizona",,https://www.instagram.com/explore/locations/395002793921380
28,Charro Steak & Del Rey,1669005520011809,facebook_places,32.2209893,-110.9672603,"0.2mi · 188 E Broadway Blvd, Tucson, Arizona",,https://www.instagram.com/explore/locations/1669005520011809
29,Down Town Tuc,211788238939531,facebook_places,32.221037160257,-110.97017580387,"<0.1mi · Tucson, Arizona",,https://www.instagram.com/explore/locations/211788238939531
30,36Th Street Trailhead,130810860410475,facebook_places,32.195086721361,-111.03734549145,0.2mi,,https://www.instagram.com/explore/locations/130810860410475
31,"Ward 1, Tucson, Arizona",120186774801227,facebook_places,32.226094272949,-111.00824427801,2.8mi,,https://www.instagram.com/explore/locations/120186774801227
32,Westside Development,107373972942983,facebook_places,32.192295248292,-111.02224879225,"0.8mi · Westside Development, Tucson",,https://www.instagram.com/explore/locations/107373972942983
33,Starr Pass,501378416698906,facebook_places,32.208044,-111.03917,"1.1mi · Starr Pass, Tucson",,https://www.instagram.com/explore/locations/501378416698906
34,"Starr Pass, Tucson, Arizona",383194265090842,facebook_places,32.208252805315,-111.0406371347,1.1mi,,https://www.instagram.com/explore/locations/383194265090842
35,University of Arizona,171384662888334,facebook_places,32.234150596172,-110.94910101383,5.8mi,,https://www.instagram.com/explore/locations/171384662888334
36,El Tour de Tucson,251676538179986,facebook_places,,,,,https://www.instagram.com/explore/locations/251676538179986
37,Tumamoc Hill,137403759616229,facebook_places,32.21279687601,-111.00621331484,2.2mi,,https://www.instagram.com/explore/locations/137403759616229
38,JW Marriott Tucson Starr Pass Resort & Spa,176563569060440,facebook_places,32.2160138,-111.0502987,"1.8mi · 3800 W. Starr Pass Boulevard, Tucson, Arizona",,https://www.instagram.com/explore/locations/176563569060440
39,Richard Genser Trail Starr Pass -Tucson,262090893909192,facebook_places,32.205322553787,-111.04662327773,1.1mi,,https://www.instagram.com/explore/locations/262090893909192
40,Starr Pass Mtb Trails,387207958083205,facebook_places,32.204606180011,-111.01960829151,1.3mi,,https://www.instagram.com/explore/locations/387207958083205
41,Starr Pass Trailhead,231174810322964,facebook_places,32.21578760473,-111.04997083089,"1.8mi · Tucson, Arizona",,https://www.instagram.com/explore/locations/231174810322964
42,"A Mountain Community, Tucson",423975354469747,facebook_places,32.200099065292,-111.00409549812,1.9mi,,https://www.instagram.com/explore/locations/423975354469747
43,Starr Pass Country Club,208315439193033,facebook_places,32.208888,-111.042955,"1.2mi · Tucson, AZ",,https://www.instagram.com/explore/locations/208315439193033
44,A Mountain Sentinel Peak,148048082033701,facebook_places,32.208765914652,-110.9943704405,2.7mi · 1556 S Sentinel Peak Rd,,https://www.instagram.com/explore/locations/148048082033701
45,Reid Park Zoo,292747409308,facebook_places,32.2098547,-110.9207443,"6.8mi · 3400 E Zoo Ct, Tucson, Arizona",,https://www.instagram.com/explore/locations/292747409308
46,"Gates Pass, Saguaro National Park",170232859714802,facebook_places,32.2288678343,-110.999038528,"3.3mi · Tucson, AZ",,https://www.instagram.com/explore/locations/170232859714802
47,"Winter-haven, Tucson",500592263429791,facebook_places,32.268602818949,-110.93099651516,8.1mi,,https://www.instagram.com/explore/locations/500592263429791
48,Olive Garden Tucson Az,268667193194328,facebook_places,32.1836366,-111.0257186,"0.8mi · Tucson, Arizona",,https://www.instagram.com/explore/locations/268667193194328
49,Kennedy Lake (Arizona),108073819221375,facebook_places,32.1811,-111.008,1.8mi,,https://www.instagram.com/explore/locations/108073819221375
50,Sentinel Peak,102515849801708,facebook_places,32.2106,-110.992,"2.8mi · Tucson, Arizona",,https://www.instagram.com/explore/locations/102515849801708
51,Painted Hills Trailhead - Pima County Parks and Natural Resources,350266445796108,facebook_places,32.22257444028,-111.033699818,2.1mi,,https://www.instagram.com/explore/locations/350266445796108
52,Tucson Botanical Gardens,239736726777,facebook_places,32.248198812129,-110.90905642235,"8.3mi · 2150 N Alvernon Way, Tucson, Arizona",,https://www.instagram.com/explore/locations/239736726777
53,85713,647749968650986,facebook_places,32.193049958708,-111.00487486234,0.1mi,,https://www.instagram.com/explore/locations/647749968650986
54,A Mountain,480117742403144,facebook_places,32.199997,-111.004178,0.5mi · A Mountain,,https://www.instagram.com/explore/locations/480117742403144
55,Tucson,230415547718437,facebook_places,32.16251,-110.98814,"2.2mi · 1169 W Irvington Rd, Tucson",,https://www.instagram.com/explore/locations/230415547718437
56,Dessert Musseam At Tucson,157938574382670,facebook_places,32.177991,-110.9917824,1.2mi,,https://www.instagram.com/explore/locations/157938574382670
57,Cerro De La A,594692810552229,facebook_places,32.199667405828,-110.99920726087,0.5mi,,https://www.instagram.com/explore/locations/594692810552229
58,Kennedy Park,234080649944126,facebook_places,32.18081856825,-111.00462502047,0.8mi,,https://www.instagram.com/explore/locations/234080649944126
59,San Xavier Mission,549843005440344,facebook_places,32.16789585091,-110.97455685337,"2.4mi · Tucson, Arizona",,https://www.instagram.com/explore/locations/549843005440344
60,Mision San Xavier,209323569234161,facebook_places,32.107065953519,-111.00779735659,5.9mi,,https://www.instagram.com/explore/locations/209323569234161
61,Zona 520,526500344173556,facebook_places,32.1809271,-110.9844269,1.3mi,,https://www.instagram.com/explore/locations/526500344173556
62,The Original Hideout,293637976656,facebook_places,32.187353348577,-111.00189147978,"0.4mi · 3000 S Mission Rd, Tucson, Arizona",,https://www.instagram.com/explore/locations/293637976656
63,The Missions At Sentinel Peak Apartments,148274175234577,facebook_places,32.19401,-110.99973,"0.2mi · 2410 S Mission Rd, Tucson, Arizona",,https://www.instagram.com/explore/locations/148274175234577
64,Silverlake Estates,123241521065564,facebook_places,32.195692600281,-110.993818185,0.6mi · 1325 W Silverlake Rd,,https://www.instagram.com/explore/locations/123241521065564
65,"South Tucson, Arizona",103826736323183,facebook_places,32.196111111111,-110.96888888889,0.3mi,,https://www.instagram.com/explore/locations/103826736323183
66,"Barrio Libre, Tucson",934245446634792,facebook_places,32.214182164567,-110.97257768248,1.5mi,,https://www.instagram.com/explore/locations/934245446634792
67,Dancing in the Streets AZ,174564037249,facebook_places,32.19099911222,-110.96932907407,"0.1mi · 88 W 38th St, South Tucson, Arizona",,https://www.instagram.com/explore/locations/174564037249
68,Healing Grace Christian Church,1761994517462338,facebook_places,32.191339586047,-110.96923112869,"<0.1mi · 30 W. 37th St, Tucson, Arizona",,https://www.instagram.com/explore/locations/1761994517462338
69,South 6Th Ave,1511848845707378,facebook_places,32.194725688697,-110.96838902671,0.2mi,,https://www.instagram.com/explore/locations/1511848845707378
70,South Park,925355877510301,facebook_places,32.193236,-110.952243,"1mi · South Park, Tucson",,https://www.instagram.com/explore/locations/925355877510301
71,Tucson A.Z,357252034319398,facebook_places,32.16167626958,-110.98758895168,2.4mi,,https://www.instagram.com/explore/locations/357252034319398
72,I10 At I19,132339496908710,facebook_places,32.1903028759,-110.974940462,"0.3mi · South Tucson, Arizona",,https://www.instagram.com/explore/locations/132339496908710
73,Cafe Santa Rosa,535542113147439,facebook_places,32.191980120208,-110.96796263187,"0.1mi · 2615 S. 6th Ave, Tucson, Arizona",,https://www.instagram.com/explore/locations/535542113147439
74,Tucson Mountain Park,564698060312789,facebook_places,32.20198,-111.12225,"8.9mi · Tucson Estates, Arizona",,https://www.instagram.com/explore/locations/564698060312789
75,Martinez Funeral Chapels,358374507670284,facebook_places,32.1926762,-110.9687284,"<0.1mi · 2580 S 6th Ave, Tucson, Arizona",,https://www.instagram.com/explore/locations/358374507670284
76,Taqueria Pico De Gallo,116187751735163,facebook_places,32.191998,-110.9686,"<0.1mi · 2618 S 6th Ave, Unit A, Tucson, Arizona",,https://www.instagram.com/explore/locations/116187751735163
77,"Barrio Libre, South Tucson",442826709084803,facebook_places,32.195837590929,-110.96623157277,0.3mi · W 27th St & S 9th Ave,,https://www.instagram.com/explore/locations/442826709084803
78,Good Deals,630527343806465,facebook_places,,,,,https://www.instagram.com/explore/locations/630527343806465
79,"Barrio Ochoa, Tucson, Arizona",290097591111061,facebook_places,32.203541899687,-110.97362314908,0.8mi,,https://www.instagram.com/explore/locations/290097591111061
80,Adult Rehab Center-Program,1017622894960537,facebook_places,32.1908518,-110.9681351,"0.2mi · 2717 S 6th Ave , Tucson, AZ",,https://www.instagram.com/explore/locations/1017622894960537
81,Interstate 10 West,158660357533185,facebook_places,32.194771833333,-110.97742773333,"0.5mi · Tucson, AZ",,https://www.instagram.com/explore/locations/158660357533185
82,Xtreme Off-road & Performance,110003961301469,facebook_places,32.193690303222,-110.96857650205,"0.1mi · 2632 S. 6th Ave, Tucson, Arizona",,https://www.instagram.com/explore/locations/110003961301469
83,Casa Lee,117236495003653,facebook_places,32.188875134446,-110.96998593222,"0.2mi · 2960 S 6th Ave, Tucson, Arizona",,https://www.instagram.com/explore/locations/117236495003653
84,U of A,181355418552348,facebook_places,32.18722,-110.9725,0.4mi,,https://www.instagram.com/explore/locations/181355418552348
85,Shawty's,188472367891531,facebook_places,32.189681829056,-110.97273783602,0.2mi,,https://www.instagram.com/explore/locations/188472367891531
86,Las Vistas,1629556573926628,facebook_places,32.186191294687,-110.93092243629,"0.6mi · Las Vistas, Tucson",,https://www.instagram.com/explore/locations/1629556573926628
87,Monte Limon,321493267966335,facebook_places,32.185565822227,-110.93815236205,0.5mi,,https://www.instagram.com/explore/locations/321493267966335
88,Pueblo Grande Park,150223741661762,facebook_places,32.1934146,-110.9339752,0.2mi,,https://www.instagram.com/explore/locations/150223741661762
89,"Tucson, Arizona, EEUU",706743376192432,facebook_places,32.184847010351,-110.91627503403,1.3mi,,https://www.instagram.com/explore/locations/706743376192432
90,Vista 36,227158747320278,facebook_places,32.192368381719,-110.93307230447,0.2mi,,https://www.instagram.com/explore/locations/227158747320278
91,Comunidad de Amor en Tucson AZ,267101177640,facebook_places,32.193143008995,-110.93891902568,"0.1mi · 2518 S. PLUMER AVE. TUCSON,AZ. 85713, Tucson, Arizona",,https://www.instagram.com/explore/locations/267101177640
92,The University of Arizona,1722740624676561,facebook_places,32.19657,-110.93535,"0.3mi · Tucson, AZ 85721",,https://www.instagram.com/explore/locations/1722740624676561
93,"Mexico Distrito Federal, Mexico",313619625355449,facebook_places,32.194366776311,-110.94016662791,0.2mi,,https://www.instagram.com/explore/locations/313619625355449
94,New Life Worship Center,362505747201711,facebook_places,32.19418,-110.93445,"0.2mi · 2568 E Menor Stra , Tucson, Arizona",,https://www.instagram.com/explore/locations/362505747201711
95,"Tucson, Arizona",107708739252630,facebook_places,32.221666666667,-110.92638888889,2.1mi,,https://www.instagram.com/explore/locations/107708739252630
96,Wat Lao,209702185715285,facebook_places,32.194276864944,-110.93058094707,0.4mi · 2447 S Treat Ave,,https://www.instagram.com/explore/locations/209702185715285
97,The Vistas,162511907205767,facebook_places,32.185729692039,-110.94154866207,0.5mi,,https://www.instagram.com/explore/locations/162511907205767
98,Tumamoc Trail,205899762768082,facebook_places,32.190803,-110.948872,0.7mi,,https://www.instagram.com/explore/locations/205899762768082
99,Rising Star Baptist Church,371021211035,facebook_places,32.1913998,-110.9316705,"0.3mi · 2800 E 36th St, Tucson, Arizona",,https://www.instagram.com/explore/locations/371021211035
100,Tuson Az,1112721022156637,facebook_places,32.19581,-110.91219,"1.5mi · Tucson, AZ",,https://www.instagram.com/explore/locations/1112721022156637
101,Mission San Xavier del Bac,1659906547650288,facebook_places,32.10686,-111.008348,"7.2mi · Tucson, AZ",,https://www.instagram.com/explore/locations/1659906547650288
102,Reid Park Tuscon Az,253969594714733,facebook_places,32.21043,-110.91878,"1.6mi · 900 S Randolph Way, Tucson, AZ",,https://www.instagram.com/explore/locations/253969594714733
103,"Davis-Monthan Air Force Base, Arizona",106989215998687,facebook_places,32.1664,-110.883,2.2mi,,https://www.instagram.com/explore/locations/106989215998687
104,Zoolights at Reid Park Zoo,885586838285978,facebook_places,32.209578432041,-110.92060370876,1.5mi,,https://www.instagram.com/explore/locations/885586838285978
105,"Catalina Foothills, Arizona",107534115935724,facebook_places,32.294,-110.884,7.1mi,,https://www.instagram.com/explore/locations/107534115935724
106,Zoo Lights At Reid Park Zoo's Holiday Festival Of Lights!,116717091779765,facebook_places,32.207059583052,-110.90972005764,1.1mi,,https://www.instagram.com/explore/locations/116717091779765
107,The Desert.,123349357773137,facebook_places,32.224089008447,-110.9354246196,"2.8mi · Tucson, Arizona",,https://www.instagram.com/explore/locations/123349357773137
108,Davis Monthan AFB Inspection Gate,494442467707244,facebook_places,32.196780225001,-110.89951474375,0.4mi,,https://www.instagram.com/explore/locations/494442467707244
109,100-Acre Wood Bike Park,2168389513398514,facebook_places,32.1909899,-110.9089654,"0.3mi · 2681 S Alvernon Way, Tucson, Arizona",,https://www.instagram.com/explore/locations/2168389513398514
110,The Neighborhood,136376286716006,facebook_places,32.199474,-110.90753,"0.5mi · 3940 E 29th St., Tucson",,https://www.instagram.com/explore/locations/136376286716006
111,Saguaro National Park,108320205858254,facebook_places,32.180178857655,-110.7363871531,9.9mi · 3693 S Old Spanish Trl,,https://www.instagram.com/explore/locations/108320205858254
112,Reid Park,152419931484061,facebook_places,32.200003242762,-110.90629172095,"0.5mi · Tucson, AZ",,https://www.instagram.com/explore/locations/152419931484061
113,Pima Air & Space Museum,104133786289625,facebook_places,32.139833410812,-110.86583733559,4.3mi,,https://www.instagram.com/explore/locations/104133786289625
114,Tucson,116221982614677,facebook_places,32.1412299,-110.9009776,"3.5mi · Tucson, Arizona",,https://www.instagram.com/explore/locations/116221982614677
115,Ava Casino del Sol,173489322744668,facebook_places,32.1987644,-110.89411608,0.8mi,,https://www.instagram.com/explore/locations/173489322744668
116,Iglesia Apostolica de la Fe en Cristo Jesus en Tucson Arizona,114842648587551,facebook_places,32.16967,-110.96786,"4mi · 4529 S 6th Ave, Tucson, Arizona",,https://www.instagram.com/explore/locations/114842648587551
117,Reid Park Golf Course,149108638515200,facebook_places,32.209138676297,-110.91048262446,1.2mi,,https://www.instagram.com/explore/locations/149108638515200
118,Starr Pass Golf Course,810353512417529,facebook_places,32.21423920247,-111.03729494858,0.6mi,,https://www.instagram.com/explore/locations/810353512417529
119,Yetman Trail At Starr Pass,330428820844550,facebook_places,32.210877985236,-111.04443106846,0.6mi,,https://www.instagram.com/explore/locations/330428820844550
120,"Tucson Estates, Arizona",106065546090408,facebook_places,32.180555555556,-111.10944444444,4.7mi,,https://www.instagram.com/explore/locations/106065546090408
121,Starr Pass Golf Suites,111550635551119,facebook_places,32.20529,-111.03873,"0.2mi · 3645 W Starr Pass Blvd, Tucson",,https://www.instagram.com/explore/locations/111550635551119
122,Bear Wallow,139199532781956,facebook_places,32.229482930799,-111.02989413962,1.6mi,,https://www.instagram.com/explore/locations/139199532781956
123,Camino Del Oeste Trail Head,166982700129773,facebook_places,32.234190820473,-111.06270841938,2.5mi,,https://www.instagram.com/explore/locations/166982700129773
124,Bowen Trail At Starr Pass,219490468143219,facebook_places,32.21584144981,-111.05003398588,1.1mi,,https://www.instagram.com/explore/locations/219490468143219
125,JW Marriott Starr Pass Golf Club,215907218421260,facebook_places,32.208957280696,-111.04300403007,0.5mi,,https://www.instagram.com/explore/locations/215907218421260
126,"A Mountain, Tucson Az.",240059556820253,facebook_places,32.208698652722,-110.99416067483,0.5mi,,https://www.instagram.com/explore/locations/240059556820253
127,A- Mountain Neighborhood,202442569784780,facebook_places,32.206242800005,-111.00257551667,<0.1mi,,https://www.instagram.com/explore/locations/202442569784780
128,Tumamock Mountain,255690934498723,facebook_places,32.214044973373,-111.00540649339,0.6mi,,https://www.instagram.com/explore/locations/255690934498723
129,UofA,215845561794095,facebook_places,32.20583312,-111.00092257,0.1mi,,https://www.instagram.com/explore/locations/215845561794095
130,"Mont Lemon, Tucson, AZ",206427856206536,facebook_places,32.481963,-110.728454,25mi,,https://www.instagram.com/explore/locations/206427856206536
131,Greater Emmanuel Grace Apostolic Church,142217649133682,facebook_places,32.203507104782,-111.00497134098,"0.2mi · 1850 W San Marcos Blvd, Tucson, Arizona",,https://www.instagram.com/explore/locations/142217649133682
132,Tumamoc Hill Hiking Trail,2008542122701448,facebook_places,32.2260208,-111.0010264,"1.4mi · 1675 W Anklam Rd, AZ",,https://www.instagram.com/explore/locations/2008542122701448
133,The Top of Tumomoc Hill,627922380616413,facebook_places,32.214050983995,-111.00534896326,0.6mi,,https://www.instagram.com/explore/locations/627922380616413
134,A Mountain,152811574904858,facebook_places,32.210697575987,-110.99148513911,0.7mi,,https://www.instagram.com/explore/locations/152811574904858
135,Cholla High Magnet School,103737542997863,facebook_places,32.205517292668,-111.00906458456,0.4mi · 2001 W Starr Pass Blvd,,https://www.instagram.com/explore/locations/103737542997863
136,Crazy Bird Loft,657760234276405,facebook_places,32.204721210837,-111.00185614166,0.1mi,,https://www.instagram.com/explore/locations/657760234276405
137,Santa Cruz Catholic School,1369802703090793,facebook_places,32.20646,-110.96953,"<0.1mi · 29 W. 22st, Tucson, Arizona",,https://www.instagram.com/explore/locations/1369802703090793
138,Santa Rita Park,880946955318043,facebook_places,32.209294187488,-110.96185875027,"0.5mi · 400 E 22nd St, Santa Rita Park, Tucson",,https://www.instagram.com/explore/locations/880946955318043
139,Santa Rita Skate Park,133694306687509,facebook_places,32.2085202,-110.9640423,"0.4mi · Tucson, AZ",,https://www.instagram.com/explore/locations/133694306687509
140,Catalina Mountains,107710669399695,facebook_places,32.21838760376,-110.95788574219,1.1mi,,https://www.instagram.com/explore/locations/107710669399695
141,Advance Auto Parts,109713218062909,facebook_places,32.205353,-110.968979,"<0.1mi · 1300 S 6th Ave, Tucson",,https://www.instagram.com/explore/locations/109713218062909
142,Will The Screen Guy,819991874861677,facebook_places,39.638053795045,-119.87888604504,"S. 8th Avenue , Tucson, AZ",,https://www.instagram.com/explore/locations/819991874861677
143,Tucson Holiday Ice,101926117976311,facebook_places,32.219626510334,-110.97266708397,0.9mi,,https://www.instagram.com/explore/locations/101926117976311
144,"Barrio Viejo, Tucson, Arizona",543135602380073,facebook_places,32.214229302251,-110.97368309094,0.6mi,,https://www.instagram.com/explore/locations/543135602380073
145,Downtown:),194411857288038,facebook_places,32.2070489,-110.9753901,0.3mi,,https://www.instagram.com/explore/locations/194411857288038
146,GTO Boxing Gym,242784352413857,facebook_places,32.205216036349,-110.97136766307,0.1mi,,https://www.instagram.com/explore/locations/242784352413857
147,Rhythm Industry Performance Factory,60917656960,facebook_places,32.2090635,-110.9572249,"0.8mi · 1013 S Tyndall Ave, Tucson, Arizona",,https://www.instagram.com/explore/locations/60917656960
148,Mendez Bakery and Tortilla,101703691837506,facebook_places,32.2060029,-110.9683238,"<0.1mi · 1219 S 6th Ave, Tucson, Arizona",,https://www.instagram.com/explore/locations/101703691837506
149,Downtown  Tucson,710037092450297,facebook_places,32.222503779505,-110.97059485338,1.1mi,,https://www.instagram.com/explore/locations/710037092450297
150,Downtown Tucson 5 Points,405045266311241,facebook_places,32.2106017,-110.97109255,0.3mi,,https://www.instagram.com/explore/locations/405045266311241
151,The American Eat Co. & Market,695727283912072,facebook_places,32.20399,-110.96503,"0.3mi · 1439 S. 4th Ave, Tucson, Arizona",,https://www.instagram.com/explore/locations/695727283912072
152,Tucson Arizona City,337740159737698,facebook_places,32.208672503319,-110.9806382254,0.6mi,,https://www.instagram.com/explore/locations/337740159737698
153,Barrio Centro,113930245618026,facebook_places,32.203466458047,-110.93020490545,"0.5mi · Barrio Centro, Tucson",,https://www.instagram.com/explore/locations/113930245618026
154,Ain't Nobody's Business,235024473179989,facebook_places,32.214378,-110.939048,0.6mi,,https://www.instagram.com/explore/locations/235024473179989
155,Home Plate,111695575600077,facebook_places,32.196820769489,-110.96830777834,1.9mi,,https://www.instagram.com/explore/locations/111695575600077
156,Reid Park,1042679972518475,facebook_places,32.207,-110.92666,"0.6mi · Tucson, AZ",,https://www.instagram.com/explore/locations/1042679972518475
157,Our Lady Of La Vang Catholic Church,290570724341758,facebook_places,32.21204,-110.9355,0.4mi · 800 South Tucson Boulevard,,https://www.instagram.com/explore/locations/290570724341758
158,Metaphysics World,341965199271955,facebook_places,32.2065321,-110.9288015,"0.5mi · 2940 East 22nd Street, Tucson, Arizona",,https://www.instagram.com/explore/locations/341965199271955
159,Ignite Sign Art Museum,150744465542943,facebook_places,32.21818,-110.9407,"0.9mi · 331 South Olsen, Tucson, Arizona",,https://www.instagram.com/explore/locations/150744465542943
160,Winter Heaven,114096585328323,facebook_places,32.213898,-110.927347,0.8mi,,https://www.instagram.com/explore/locations/114096585328323
161,Alvernon Heights,832326013510178,facebook_places,32.202127780401,-110.90461537058,"0.3mi · Alvernon Heights, Tucson",,https://www.instagram.com/explore/locations/832326013510178
162,Fry's Food And Drug,145415448812459,facebook_places,32.20511673259,-110.90410709381,"<0.1mi · 4150 E 22Nd St, Tucson",,https://www.instagram.com/explore/locations/145415448812459
163,Filibertos Mexican Food,106924514208757,facebook_places,32.2065305,-110.9049096,"<0.1mi · 4110 e 22nd st , Tucson, Arizona",,https://www.instagram.com/explore/locations/106924514208757
164,85711,675971915801641,facebook_places,32.215072822721,-110.88320778542,1.4mi,,https://www.instagram.com/explore/locations/675971915801641
165,Peter Piper Pizza,165458096840704,facebook_places,32.2052287,-110.90501,"<0.1mi · 4112 E 22nd St, Tucson",,https://www.instagram.com/explore/locations/165458096840704
166,Starpass Golf Course,248471738547272,facebook_places,32.207067324739,-110.90641379023,0.1mi,,https://www.instagram.com/explore/locations/248471738547272
167,"Ward 6, Tucson, Arizona",357220381035720,facebook_places,32.229222628176,-110.90673919611,1.6mi,,https://www.instagram.com/explore/locations/357220381035720
168,Denny's,226223527586879,facebook_places,32.2066079,-110.9057538,"<0.1mi · 4040 E. 22nd St., Tucson",,https://www.instagram.com/explore/locations/226223527586879
169,Wavemax Tucson - 4054 E 22nd St,113487131661231,facebook_places,32.20572,-110.90443,"<0.1mi · 4054 E 22nd St , Tucson, Arizona",,https://www.instagram.com/explore/locations/113487131661231
170,Dollar Tree,1548796772077142,facebook_places,32.2053901,-110.9047108,"<0.1mi · 4122 E 22nd St, Tucson",,https://www.instagram.com/explore/locations/1548796772077142
171,Lee's Store,195277353916797,facebook_places,32.205815,-110.9029785,"<0.1mi · 4170 E 22nd St, Tucson, Arizona",,https://www.instagram.com/explore/locations/195277353916797
172,Posse's Styling Emporium,1167944603294264,facebook_places,32.2059039,-110.9056873,"<0.1mi · 4058 E 22nd St, Tucson, AZ",,https://www.instagram.com/explore/locations/1167944603294264
173,Tucson Baptist Church,1417151068561866,facebook_places,32.204100521374,-110.90026955169,"0.3mi · 1525 S Columbus Blvd, Tucson, Arizona",,https://www.instagram.com/explore/locations/1417151068561866
174,City of Fun Carnival,402746256420142,facebook_places,32.207537284151,-110.8967043,0.5mi,,https://www.instagram.com/explore/locations/402746256420142
175,Dell Urich,153753278023402,facebook_places,32.20891659007,-110.91522492588,"0.7mi · Tucson, Arizona",,https://www.instagram.com/explore/locations/153753278023402
176,Read Park,306700342707271,facebook_places,32.207281,-110.918011,"0.8mi · Tucson, AZ",,https://www.instagram.com/explore/locations/306700342707271
177,Azul at The Westin La Paloma Resort & Spa,675395085871550,facebook_places,32.30195292,-110.945453,7.7mi,,https://www.instagram.com/explore/locations/675395085871550
178,Pima Animal Care Center,366924590093854,facebook_places,32.2805814,-111.0332334,"4.2mi · 4000 N Silverbell Road, Tucson, Arizona",,https://www.instagram.com/explore/locations/366924590093854
179,The Loop @ Santa Cruz River,283857435057010,facebook_places,32.219990617033,-111.02886613334,"0.4mi · Tucson, Arizona",,https://www.instagram.com/explore/locations/283857435057010
180,Tucson Park West,888527094556045,facebook_places,32.217227,-111.023998,"0.7mi · Tucson Park West, Tucson",,https://www.instagram.com/explore/locations/888527094556045
181,Julian Wash Bike Trail,841163939312824,facebook_places,32.098575728399,-110.79612875601,16.3mi,,https://www.instagram.com/explore/locations/841163939312824
182,Moonrise at Starr Pass,1469293056716320,facebook_places,32.221126743408,-111.03420197382,"0.1mi · 101 S Players Club Dr, Tucson, AZ",,https://www.instagram.com/explore/locations/1469293056716320
183,"Painted Hills Estates, Tucson, Arizona",304781122957436,facebook_places,32.2418015,-111.0402275,1.5mi,,https://www.instagram.com/explore/locations/304781122957436
184,Tucson Loop,443977938995922,facebook_places,32.21055476667,-110.76113149999,16.1mi,,https://www.instagram.com/explore/locations/443977938995922
185,Starr Pass Resort Tucson,104532086308114,facebook_places,32.218806878694,-111.03757230575,0.1mi,,https://www.instagram.com/explore/locations/104532086308114
186,Tumamoc Hill,400406433480795,facebook_places,32.214042807155,-111.00531131684,"0.4mi · Tucson, AZ",,https://www.instagram.com/explore/locations/400406433480795
187,Tumamoc Hill,919399711562246,facebook_places,32.2193896,-111.003811,<0.1mi · AZ,,https://www.instagram.com/explore/locations/919399711562246
188,Menlo Park,1018517951500297,facebook_places,32.217606,-110.993438,"0.6mi · 301 N Grande Ave, Menlo Park, Tucson",,https://www.instagram.com/explore/locations/1018517951500297
189,Mt.  Lemmon,315884051766660,facebook_places,32.22822,-110.95083,3.1mi,,https://www.instagram.com/explore/locations/315884051766660
190,UA Tumamoc,301842843164272,facebook_places,32.213997670187,-111.00526138957,0.4mi,,https://www.instagram.com/explore/locations/301842843164272
191,Tummamoc,141059486011617,facebook_places,32.2268956246,-110.999444802,0.5mi,,https://www.instagram.com/explore/locations/141059486011617
192,"Sentinel Peak ""A"" Mountain Basin",378146125680848,facebook_places,32.216844388119,-110.99012922496,0.8mi,,https://www.instagram.com/explore/locations/378146125680848
193,"Tomamoc Hill 750ft. on Top of Tucson,az.",273474552775210,facebook_places,32.214111936139,-111.00536658788,0.4mi,,https://www.instagram.com/explore/locations/273474552775210
194,Tumamoc Mt,443791185660783,facebook_places,32.225836314474,-111.00096090927,0.4mi,,https://www.instagram.com/explore/locations/443791185660783
195,A Mountain Tuctown Az,611504408940210,facebook_places,32.210731665339,-110.99148678896,0.9mi,,https://www.instagram.com/explore/locations/611504408940210
196,Tumamoc,442839329099016,facebook_places,32.225846751215,-111.00044671385,0.4mi,,https://www.instagram.com/explore/locations/442839329099016
197,Tuctown,335816756494023,facebook_places,32.2198061,-110.9371628,<0.1mi,,https://www.instagram.com/explore/locations/335816756494023
198,Arroyo Chico,1641360686077703,facebook_places,32.213001,-110.937655,"0.5mi · Arroyo Chico, Tucson",,https://www.instagram.com/explore/locations/1641360686077703
199,The Waxing Queen of Tucson Llc,178066418889515,facebook_places,32.22201,-110.92834,"0.5mi · 2919 E Broadway Blvd Suite 230, Tucson, Arizona",,https://www.instagram.com/explore/locations/178066418889515
200,"Western Hills, Tucson",382857181906416,facebook_places,32.185124007548,-110.94067296258,2.4mi,,https://www.instagram.com/explore/locations/382857181906416
201,The Waxing Queen of Tucson,1134216789928099,facebook_places,32.220219131819,-110.93717981306,"<0.1mi · 140 S Tucson Blvd, Tucson, Arizona",,https://www.instagram.com/explore/locations/1134216789928099
202,Sam Hughes,1041983749148268,facebook_places,32.228782,-110.935341,"0.6mi · Sam Hughes, Tucson",,https://www.instagram.com/explore/locations/1041983749148268
203,244 Barbell Club of Tucson,413867305470003,facebook_places,32.21967,-110.93578,"<0.1mi · 244 S Tucson Blvd, Tucson, Arizona",,https://www.instagram.com/explore/locations/413867305470003
204,E Broadway,566311360435827,facebook_places,32.22119,-110.93614,"0.1mi · 2410 E Broadway Blvd, Tucson, AZ",,https://www.instagram.com/explore/locations/566311360435827
205,"Gates Pass, Arizona",276740152447047,facebook_places,32.281349197599,-111.1514284641,13.2mi,,https://www.instagram.com/explore/locations/276740152447047
206,Saint Cecilia Studios,1482418272028913,facebook_places,32.21994,-110.9355,"0.1mi · 232 S. Tucson Blvd., Tucson, Arizona",,https://www.instagram.com/explore/locations/1482418272028913
207,St. Ambrose Catholic School,443021385784521,facebook_places,32.218496433684,-110.9359156295,"0.1mi · 300 S Tucson Blvd, Tucson, Arizona",,https://www.instagram.com/explore/locations/443021385784521
208,Enchanted Dragon Tattoos,185850021435836,facebook_places,32.221865544908,-110.93834799337,"0.1mi · 2237 E Broadway Blvd, Tucson, AZ",,https://www.instagram.com/explore/locations/185850021435836
209,Laverna's Coffee Shop,115130871839861,facebook_places,32.2194501,-110.9397343,0.2mi · 220 S Plumer Ave,,https://www.instagram.com/explore/locations/115130871839861
210,Radio Bipolar,549804738526678,facebook_places,32.22114,-110.94199,"0.3mi · 2012 E Broadway Blvd, Ste 212",,https://www.instagram.com/explore/locations/549804738526678
211,"University of Arizona Campus, Tucson",815332098588007,facebook_places,32.232094142711,-110.95129927633,1.2mi,,https://www.instagram.com/explore/locations/815332098588007
212,University of Arizona,1650231061877410,facebook_places,32.232759159183,-110.95210343937,"1.2mi · Tucson, AZ",,https://www.instagram.com/explore/locations/1650231061877410
213,Cookie Plug Tucson,107656868769003,facebook_places,32.22701,-110.94312,"0.6mi · Tucson, Arizona",,https://www.instagram.com/explore/locations/107656868769003
214,Western Lifestyles,111183388944739,facebook_places,32.221363,-110.937343,"<0.1mi · 2354 E Broadway Blvd, Tucson, AZ",,https://www.instagram.com/explore/locations/111183388944739
215,Arte de la Vida,388759184523018,facebook_places,32.2221741,-110.9354742,"0.2mi · 37 N Tucson Blvd, Tucson, Arizona",,https://www.instagram.com/explore/locations/388759184523018
216,Broadway Animal Hospital,149587448418578,facebook_places,32.221236,-110.9374407,"<0.1mi · 2300 E Broadway Blvd, Tucson, Arizona",,https://www.instagram.com/explore/locations/149587448418578
217,On Top of I.T.,137513176284403,facebook_places,32.22083,-110.94513,"0.5mi · Tucson, Arizona",,https://www.instagram.com/explore/locations/137513176284403
218,St Ambrose Catholic Church 300 S Tucson Blvd,112150009531021,facebook_places,32.2186518,-110.935785,0.1mi · 300 S. Tucson Blvd,,https://www.instagram.com/explore/locations/112150009531021
219,San Clemente,712057755590220,facebook_places,32.217755,-110.905135,"0.2mi · San Clemente, Tucson",,https://www.instagram.com/explore/locations/712057755590220
220,"Tucson Arizona , United States of America",305809532769670,facebook_places,32.234582795618,-110.90030823468,"1mi · Tucson, Arizona",,https://www.instagram.com/explore/locations/305809532769670
221,The Old Pueblo,246524038741985,facebook_places,32.21534,-110.90819,0.4mi,,https://www.instagram.com/explore/locations/246524038741985
222,Locale Neighborhood Italian,100304161480346,facebook_places,32.223039667446,-110.90920353357,"0.3mi · 60 North Alvernon Way, Tucson, Arizona",,https://www.instagram.com/explore/locations/100304161480346
223,Four of Wands,235438575083458,facebook_places,32.22189,-110.89909,"0.3mi · 4349 E. Broadway, Tucson, Arizona",,https://www.instagram.com/explore/locations/235438575083458
224,Reid Park Running Course,117402438324962,facebook_places,32.220079871113,-110.90988677705,0.3mi,,https://www.instagram.com/explore/locations/117402438324962
225,Randolph Golf Complex,116920662346768,facebook_places,32.213976013485,-110.91074787972,"0.6mi · 600 S. Alvernon Way, Tucson, Arizona",,https://www.instagram.com/explore/locations/116920662346768
226,Poets Corner,608510352634654,facebook_places,32.223874,-110.90704,"0.3mi · 120 N Longfellow Ave , Tucson, AZ",,https://www.instagram.com/explore/locations/608510352634654
227,Biosphere 2,334988189940496,facebook_places,32.221145716667,-110.91881193333,0.8mi,,https://www.instagram.com/explore/locations/334988189940496
228,Randolph Golf,209319439078078,facebook_places,32.221783458346,-110.9123986262,0.5mi,,https://www.instagram.com/explore/locations/209319439078078
229,Guadalajara Mexican Grill,746710562068934,facebook_places,32.2220904,-110.887538,"1mi · 4901 E Broadway Blvd, Tucson, Arizona",,https://www.instagram.com/explore/locations/746710562068934
230,Randolph Community Center,137798026289712,facebook_places,32.218966102906,-110.91012406091,0.3mi,,https://www.instagram.com/explore/locations/137798026289712
231,Organ Pipe Cactus National Monument,217140465052893,facebook_places,33.59533748,-112.38834238,"Catalina Foothills, Arizona",,https://www.instagram.com/explore/locations/217140465052893
232,Sweetwater Preserve,1782614255289415,facebook_places,32.2314,-110.90615,"0.8mi · E 3rd St, Tucson, AZ",,https://www.instagram.com/explore/locations/1782614255289415
233,Tanque Verde Falls,1670974539888309,facebook_places,32.221666666667,-110.92638888889,1.3mi,,https://www.instagram.com/explore/locations/1670974539888309
234,Del Urich Golf Course,116228891739479,facebook_places,32.2136356,-110.910699,0.6mi · 600 S Alvernon Way,,https://www.instagram.com/explore/locations/116228891739479
235,"The Church of The Painted Hills, UCC",118977651449248,facebook_places,32.2356518,-111.0367529,"0.1mi · 3295 W Speedway Blvd, Tucson, Arizona",,https://www.instagram.com/explore/locations/118977651449248
236,"San Xavier Mission, Tucson, Arizona",1453535434870065,facebook_places,32.252579708,-110.999006066,2.5mi,,https://www.instagram.com/explore/locations/1453535434870065
237,Speedway Greasewood Park,141996792500868,facebook_places,32.233586,-111.02335651415,0.7mi · 899 North Greasewood Road,,https://www.instagram.com/explore/locations/141996792500868
238,Pima Community College-West Campus,181330059077839,facebook_places,32.227976254971,-111.01732597784,"1.1mi · 2202 West Anklam Road, AZ",,https://www.instagram.com/explore/locations/181330059077839
239,International Wildlife Museum,79302946543,facebook_places,32.234615957885,-111.06707543135,"1.8mi · 4800 W. Gates Pass Rd., Tucson, Arizona",,https://www.instagram.com/explore/locations/79302946543
240,Arizona-Sonora Desert Museum,39379799314,facebook_places,32.243922111163,-111.16793453693,"7.8mi · 2021 N Kinney Rd, Tucson, Arizona",,https://www.instagram.com/explore/locations/39379799314
241,4th Avenue street fair,207197399384509,facebook_places,32.226171457212,-110.96559365105,4.1mi · 4TH Ave,,https://www.instagram.com/explore/locations/207197399384509
242,Barrio Hollywood,390690657789621,facebook_places,32.232561992339,-110.99300297589,"0.6mi · Barrio Hollywood, Tucson",,https://www.instagram.com/explore/locations/390690657789621
243,Santiago Hills,403761183713351,facebook_places,32.230008,-111.006907,"0.4mi · Santiago Hills, Tucson",,https://www.instagram.com/explore/locations/403761183713351
244,El Rio Golf Course,498767273837367,facebook_places,32.236321,-110.99582129168,"0.4mi · 1400 W. Speedway Blvd. , Tucson, Arizona",,https://www.instagram.com/explore/locations/498767273837367
245,El Presidio Historic District,805172936219535,facebook_places,32.225129244,-110.975885511,1.7mi · Tucson,,https://www.instagram.com/explore/locations/805172936219535
246,Amp'd Up Bar & Grill,103959124581558,facebook_places,32.235257551937,-110.99854732351,0.3mi,,https://www.instagram.com/explore/locations/103959124581558
247,Panda Express,111495662222347,facebook_places,32.235072,-111.0044826,0.1mi · 1055 N Silverbell Rd,,https://www.instagram.com/explore/locations/111495662222347
248,Cota Academy Officer Training,392077600840827,facebook_places,32.240511325577,-111.08522143512,4.8mi,,https://www.instagram.com/explore/locations/392077600840827
249,Star Pass Mountain,336814793042530,facebook_places,32.231935118355,-110.99767955962,"0.3mi · Tucson, Arizona",,https://www.instagram.com/explore/locations/336814793042530
250,AutoZone,291985650845013,facebook_places,32.235079493015,-111.0025290386,"<0.1mi · 1705 W Speedway Blvd, Tucson",,https://www.instagram.com/explore/locations/291985650845013
251,Pueblo Dental Center,438841539827383,facebook_places,32.2345112,-111.0027411,"<0.1mi · 1000 N Silverbell Rd, Tucson, Arizona",,https://www.instagram.com/explore/locations/438841539827383
252,Bianchi's Italian,563654003798006,facebook_places,32.425580558368,-111.04222993959,"13.4mi · 1110 N Silverbell Rd., Tucson, Arizona",,https://www.instagram.com/explore/locations/563654003798006
253,Friends of Pima Animal Care Center,1550026445249827,facebook_places,32.23468,-111.00376,"<0.1mi · Tucson, Arizona",,https://www.instagram.com/explore/locations/1550026445249827
254,Finix Arizona,223613004382457,facebook_places,32.232161578304,-110.98675530988,"0.9mi · Tucson, Arizona",,https://www.instagram.com/explore/locations/223613004382457
255,Sonora Desert Museum,361139627273897,facebook_places,32.235053415669,-110.99053740258,0.7mi,,https://www.instagram.com/explore/locations/361139627273897
256,A Mountian,358348000880628,facebook_places,32.22868226,-110.98973929882,0.8mi,,https://www.instagram.com/explore/locations/358348000880628
257,The Westside,101798939930501,facebook_places,32.229310870171,-111.00743114948,"0.4mi · Tucson, Arizona",,https://www.instagram.com/explore/locations/101798939930501
258,West University,859925170760987,facebook_places,32.231845,-110.964254,"0.4mi · West University, Tucson",,https://www.instagram.com/explore/locations/859925170760987
259,Sabino Canyon,104370043087669,facebook_places,32.221259,-110.970836,0.9mi,,https://www.instagram.com/explore/locations/104370043087669
260,De Anza Park,465924840115084,facebook_places,32.2350655,-110.9710274,0.1mi · 1000 N Stone Ave,,https://www.instagram.com/explore/locations/465924840115084
261,Speedway and Stone,121394141349941,facebook_places,32.235946268353,-110.97096089614,0.2mi,,https://www.instagram.com/explore/locations/121394141349941
262,"Downtown Tucson, Tucson, Arizona",293857930715139,facebook_places,32.223548127279,-110.97284602312,0.7mi,,https://www.instagram.com/explore/locations/293857930715139
263,"Dunbar - Spring, Tucson",848545385215096,facebook_places,32.232177772691,-110.97570547427,0.4mi,,https://www.instagram.com/explore/locations/848545385215096
264,Park Place Mall,2223599897893682,facebook_places,32.227152623557,-110.96546403615,"0.5mi · Tucson, AZ, Tucson, Arizona",,https://www.instagram.com/explore/locations/2223599897893682
265,Sonora Venue,110107040746102,facebook_places,32.23229,-110.97134,"0.1mi · 828 N Stone Ave, Tucson, Arizona",,https://www.instagram.com/explore/locations/110107040746102
266,Dunbar Springs,460101667753027,facebook_places,32.232151,-110.97561,"0.3mi · N 10th Ave, Dunbar Springs",,https://www.instagram.com/explore/locations/460101667753027
267,Bumsted's,110113160836,facebook_places,32.234568,-110.972071,"0.1mi · 1003 N Stone Ave, Tucson, Arizona",,https://www.instagram.com/explore/locations/110113160836
268,San Augustine Church,146889375380527,facebook_places,32.207634,-110.974496,1.8mi,,https://www.instagram.com/explore/locations/146889375380527
269,4th Downtown,213213515374559,facebook_places,32.227984697122,-110.96571053704,0.5mi,,https://www.instagram.com/explore/locations/213213515374559
270,Greasewood Park,1076235542427012,facebook_places,32.236182,-110.972654,"0.2mi · West Speedway Blvd , Tucson, AZ",,https://www.instagram.com/explore/locations/1076235542427012
271,Bank of America,133470526705847,facebook_places,32.233318,-110.9713872,<0.1mi · 902 N Stone Ave,,https://www.instagram.com/explore/locations/133470526705847
272,Super Mario World,200359396694369,facebook_places,35.096027050013,-106.52310325001,,,https://www.instagram.com/explore/locations/200359396694369
273,Chuck E Cheese,1833887009992839,facebook_places,32.292683353615,-110.99100205156,4.2mi · speedway,,https://www.instagram.com/explore/locations/1833887009992839
274,The Union,226703867379607,facebook_places,32.2277198,-110.9435233,1.6mi,,https://www.instagram.com/explore/locations/226703867379607
275,Starbucks,2023502411051601,facebook_places,32.23639,-110.96846,"0.2mi · 203 East Speedway Boulevard, Tucson",,https://www.instagram.com/explore/locations/2023502411051601
276,Downtown Bellazza,2334681713437296,facebook_places,32.23665,-110.97139,"0.2mi · 1122 N Stone Ave, Tucson, Arizona",,https://www.instagram.com/explore/locations/2334681713437296
277,"Warehouse Arts District, Tucson",1476812292630749,facebook_places,32.227317819757,-110.96955736847,0.4mi,,https://www.instagram.com/explore/locations/1476812292630749
278,Tucson 4th Ave,151452661706616,facebook_places,32.22717,-110.9659,0.5mi · 429 N. 4th Ave,,https://www.instagram.com/explore/locations/151452661706616
279,The Arizona Bowl,689571847843989,facebook_places,32.2238,-110.97186,0.7mi · 100 S Church Ave,,https://www.instagram.com/explore/locations/689571847843989
280,Uofa Downtown Campus,123192347805104,facebook_places,32.222995357618,-110.97082561824,0.7mi,,https://www.instagram.com/explore/locations/123192347805104
281,Zemam's Too,155014251355590,facebook_places,32.2361489,-110.9696635,0.2mi · 119 E Speedway Blvd,,https://www.instagram.com/explore/locations/155014251355590
282,Himmel Park,662019917185253,facebook_places,32.233378261638,-110.93500936522,0.1mi · 1000 N Tucson Blvd,,https://www.instagram.com/explore/locations/662019917185253
283,Flagstaff AZ,242741935833403,facebook_places,32.207243582264,-110.87889206606,"3.9mi · Tucson, Arizona",,https://www.instagram.com/explore/locations/242741935833403
284,McKale Center,110559615639918,facebook_places,32.2303,-110.946,0.6mi,,https://www.instagram.com/explore/locations/110559615639918
285,Katchner Caverns,835235596580456,facebook_places,32.235839,-110.935019,"0.2mi · Tucson, AZ",,https://www.instagram.com/explore/locations/835235596580456
286,McKale Arena - University of Arizona,112300772174242,facebook_places,32.230355,-110.945993,"0.6mi · Tucson, AZ",,https://www.instagram.com/explore/locations/112300772174242
287,University of Arizona Football Stadium,164084607501390,facebook_places,32.228836864268,-110.94857933589,0.7mi,,https://www.instagram.com/explore/locations/164084607501390
288,Arizona Stadium,126248674085418,facebook_places,32.2288391,-110.948844,0.8mi · 540 N Vine Ave,,https://www.instagram.com/explore/locations/126248674085418
289,Second Street Children's School/WB Collins Early Learning Project,192058334191626,facebook_places,,,,,https://www.instagram.com/explore/locations/192058334191626
290,Mt Wrightson,2246516348963344,facebook_places,32.236357829101,-110.93184083542,"0.4mi · top of madera canyon, Tucson, Arizona",,https://www.instagram.com/explore/locations/2246516348963344
291,University of Arizona,142502572455180,facebook_places,32.232260909848,-110.94914674759,0.7mi · Cherry Avenue and University,,https://www.instagram.com/explore/locations/142502572455180
292,University Of Arizona Tailgate,216209918439874,facebook_places,32.231772946503,-110.94584597522,0.5mi · The University of Arizona,,https://www.instagram.com/explore/locations/216209918439874
293,The University of Arizona,6096033309,facebook_places,32.22177,-110.96977,"2.1mi · Tucson, Arizona",,https://www.instagram.com/explore/locations/6096033309
294,University of Arizona Wild Cats,119265648178923,facebook_places,32.23158345,-110.94468515,0.5mi,,https://www.instagram.com/explore/locations/119265648178923
295,University of Arizona,126061294395798,facebook_places,32.23571,-110.94152,"0.3mi · 2030 E Speedway Blvd, Tucson, AZ",,https://www.instagram.com/explore/locations/126061294395798
296,Wilderness of Rocks Trail,226113500876419,facebook_places,32.443486,-110.786735,16.9mi · Mount Lemmon,,https://www.instagram.com/explore/locations/226113500876419
297,University of Arizona Football Stadium,174168202663795,facebook_places,32.228836864268,-110.94857933589,"0.7mi · 1 N National Champion Dr Tucson, AZ 85721, Tucson, AZ",,https://www.instagram.com/explore/locations/174168202663795
298,UofA stadium,135546486552086,facebook_places,32.228717428477,-110.94842547052,0.7mi,,https://www.instagram.com/explore/locations/135546486552086
299,University Of Arizona Mary Roby Gymnastics Center Home Of The Gymcats,221693067886398,facebook_places,32.2305064,-110.9450837,0.5mi,,https://www.instagram.com/explore/locations/221693067886398
300,Peter Howell,1672904439609968,facebook_places,32.228886225817,-110.90533788198,"0.3mi · Peter Howell, Tucson",,https://www.instagram.com/explore/locations/1672904439609968
301,"Midtown, Tucson, Arizona",209965829136249,facebook_places,32.2433735,-110.9010075,0.7mi,,https://www.instagram.com/explore/locations/209965829136249
302,The Enchanted Dragon on Speedway,545547542249091,facebook_places,32.2364308,-110.9022433,0.2mi,,https://www.instagram.com/explore/locations/545547542249091
303,Tucson Appliance Company,124318167618673,facebook_places,32.23645,-110.9026,"0.2mi · 4229 E Speedway Blvd, Tucson, AZ",,https://www.instagram.com/explore/locations/124318167618673
304,Christopher Columbus Park,548059385384074,facebook_places,32.24062,-110.91156,"0.6mi · Tucson, AZ",,https://www.instagram.com/explore/locations/548059385384074
305,Midtown Mercantile Merchants,1660892390842919,facebook_places,32.23671,-110.89817,"0.4mi · 4443 E Speedway Blvd, Tucson",,https://www.instagram.com/explore/locations/1660892390842919
306,Yun Gee Park,1634548976818406,facebook_places,32.2339783,-110.9024887,"0.1mi · 4226 E 2nd St, Tucson, Arizona",,https://www.instagram.com/explore/locations/1634548976818406
307,U of a Softball Stadium,130948246976274,facebook_places,32.235902,-110.90168,"0.2mi · Tucson, AZ",,https://www.instagram.com/explore/locations/130948246976274
308,Tanque Verde Swapmeet,130546633687848,facebook_places,32.13481838,-110.91767438,"6.9mi · Tucson, Arizona",,https://www.instagram.com/explore/locations/130546633687848
309,Old Towne Tattoo Parlour,445025882579238,facebook_places,32.2359,-110.90176,"0.2mi · 4240 E Speedway Blvd, Tucson, Arizona",,https://www.instagram.com/explore/locations/445025882579238
310,Speedway/Alvernon,193473047375230,facebook_places,32.238115950597,-110.91027095447,0.4mi,,https://www.instagram.com/explore/locations/193473047375230
311,Skate Country East,2252635865064143,facebook_places,32.224509132212,-110.9100408482,"0.7mi · East 22nd St, Tucson, Arizona",,https://www.instagram.com/explore/locations/2252635865064143
312,Tito & Pep,609521062419555,facebook_places,32.235894,-110.904621,"0.1mi · 4122 E Speedway Blvd , Tucson, Arizona",,https://www.instagram.com/explore/locations/609521062419555
313,Dond3 Tu No 3Stas,171525896358877,facebook_places,32.240188184707,-110.90687520348,0.5mi,,https://www.instagram.com/explore/locations/171525896358877
314,Lucky Strike Bowl,100890139959402,facebook_places,32.2364993,-110.9067842,"0.2mi · 4015 E Speedway Blvd, Tucson, Arizona",,https://www.instagram.com/explore/locations/100890139959402
315,Korea House,153689748027598,facebook_places,32.2360048,-110.9063938,0.2mi · 4030 E Speedway Blvd,,https://www.instagram.com/explore/locations/153689748027598
316,Wild Katz - Children's Adventure Playground,104955687532197,facebook_places,32.237311255875,-110.89429557323,"0.6mi · 4629 E. Speedway Blvd, Tucson, Arizona",,https://www.instagram.com/explore/locations/104955687532197
317,Alvernon Park,130756416968502,facebook_places,32.2308333,-110.9077778,0.3mi · 701 N Longfellow Ave,,https://www.instagram.com/explore/locations/130756416968502
318,Gear Shifters AZ,118131797836270,facebook_places,32.235418093293,-110.89926899503,"0.3mi · 1045 N Catalina Ave, Tucson, AZ",,https://www.instagram.com/explore/locations/118131797836270
319,Saguaro Miraflores,952787431427136,facebook_places,32.246093316075,-111.03277200456,"0.2mi · Saguaro Miraflores, Tucson",,https://www.instagram.com/explore/locations/952787431427136
320,King Canyon Trail,2089066544684103,facebook_places,32.24541,-111.03704,"0.2mi · W Saguaro West Trl, Tucson, AZ",,https://www.instagram.com/explore/locations/2089066544684103
321,Club Coffee Gullette,277111986498306,facebook_places,32.250034570282,-111.03191868967,0.3mi,,https://www.instagram.com/explore/locations/277111986498306
322,Tucson and Taos Balloon Rides,103213175804,facebook_places,,,,,https://www.instagram.com/explore/locations/103213175804
323,Tucson Mountain Foothills,2175320859249843,facebook_places,32.243621540162,-111.03276300311,0.3mi,,https://www.instagram.com/explore/locations/2175320859249843
324,Casa de Milo,839653766117295,facebook_places,32.25082,-111.01231,"1.4mi · 2114 W Grant Rd, Tucson, AZ",,https://www.instagram.com/explore/locations/839653766117295
325,Starpass Resort,170532753077014,facebook_places,32.261310042843,-111.01703211675,1.4mi,,https://www.instagram.com/explore/locations/170532753077014
326,El Rio Acres,1584202178510269,facebook_places,32.242437,-110.995332,"0.6mi · El Rio Acres, Tucson",,https://www.instagram.com/explore/locations/1584202178510269
327,"Ryder System, Inc.",999242663555572,facebook_places,32.24739,-111.00217,"<0.1mi · 1717 West Rillito Dr, Tucson, Arizona",,https://www.instagram.com/explore/locations/999242663555572
328,International Wild Life Museum,166172000110230,facebook_places,32.2391895632,-111.005420206,0.6mi,,https://www.instagram.com/explore/locations/166172000110230
329,Zoologico Tucson Arizona,682526428534911,facebook_places,32.209663413679,-110.92069423754,5.5mi,,https://www.instagram.com/explore/locations/682526428534911
330,"Tucson, Arizona I10",101187096691966,facebook_places,32.26218467,-111.00515616,1mi,,https://www.instagram.com/explore/locations/101187096691966
331,Murrieta Park,162247177169967,facebook_places,32.241974880078,-111.00580355729,0.4mi,,https://www.instagram.com/explore/locations/162247177169967
332,"University Of Arizona, Tucson",473842842626518,facebook_places,32.252021566667,-110.99923323333,0.4mi,,https://www.instagram.com/explore/locations/473842842626518
333,UPS Freight,183865334978958,facebook_places,32.247585,-111.0048577,"0.1mi · Tucson, AZ",,https://www.instagram.com/explore/locations/183865334978958
334,Grant Rd,135015883208085,facebook_places,32.2524951881,-110.99982604,0.4mi · 1675 W Grant Rd,,https://www.instagram.com/explore/locations/135015883208085
335,"Caverns of Sonora, Sonora, Texas",250823958393578,facebook_places,32.252364,-110.998783,"0.4mi · 1711 Private Rd 4468, Sonora, Texas",,https://www.instagram.com/explore/locations/250823958393578
336,Chik-Fil-A,220780871274995,facebook_places,32.222112833351,-110.91580526677,5.4mi,,https://www.instagram.com/explore/locations/220780871274995
337,"Rancho Sahuarita, Sahuarita, Az",237196179732755,facebook_places,32.13330576665,-111.02810896943,8mi,,https://www.instagram.com/explore/locations/237196179732755
338,Skyline Assayers & Laboratories,166942636651782,facebook_places,32.248824052769,-111.00304540119,"<0.1mi · 1775 W Sahuaro Dr, Tucson, AZ",,https://www.instagram.com/explore/locations/166942636651782
339,IHOP,527912867330709,facebook_places,32.25103437953,-110.99879983333,"0.3mi · 1500 W Grant Rd, Tucson, Arizona",,https://www.instagram.com/explore/locations/527912867330709
340,George Mehl Park,185701781538014,facebook_places,32.2534031,-111.0041896,0.4mi,,https://www.instagram.com/explore/locations/185701781538014
341,Gem and Jam Festival,1184200221593313,facebook_places,32.25082,-110.98918,"0.8mi · 1102 W Grant Rd , Tucson, AZ",,https://www.instagram.com/explore/locations/1184200221593313
342,Mt Lemon Tuscon Az,144452419017814,facebook_places,32.254912331671,-110.96383904501,0.6mi,,https://www.instagram.com/explore/locations/144452419017814
343,Tucson Symphony Orchestra,81572322065,facebook_places,32.247607,-110.969358,"<0.1mi · 2175 N. Sixth Ave, Tucson, Arizona",,https://www.instagram.com/explore/locations/81572322065
344,Donna R Liggins recreation center,262960273799369,facebook_places,32.247138160806,-110.96792715224,0.1mi · 2160 North 6th Avenue,,https://www.instagram.com/explore/locations/262960273799369
345,Sixth Avenue Dog Park,105146462911683,facebook_places,32.246561,-110.969183,<0.1mi · 2075 N 6th Ave,,https://www.instagram.com/explore/locations/105146462911683
346,Mansfield Park,150539931624529,facebook_places,32.2478371,-110.9672172,0.2mi · 2275 N 4th Ave,,https://www.instagram.com/explore/locations/150539931624529
347,Westward Look Resort,120830971319138,facebook_places,32.248263888889,-110.96986111111,"<0.1mi · Tucson, AZ",,https://www.instagram.com/explore/locations/120830971319138
348,"Brother John's Beer, Bourbon & BBQ",302485883242758,facebook_places,32.2441371,-110.9721656,"0.3mi · 1801 North Stone Ave, Tucson",,https://www.instagram.com/explore/locations/302485883242758
349,Balboa Heights,1425335091130674,facebook_places,32.253894390701,-110.97495326512,"0.5mi · Balboa Heights, Tucson",,https://www.instagram.com/explore/locations/1425335091130674
350,Northwest Neighborhood Center,206315379386208,facebook_places,32.247175824522,-110.96774309094,"0.1mi · 2160 N 6th Ave, Tucson, AZ",,https://www.instagram.com/explore/locations/206315379386208
351,The Jackrabbit Lounge,100561752170999,facebook_places,32.246099188361,-110.97741,"0.4mi · 2000 N Oracle Rd, Tucson, AZ",,https://www.instagram.com/explore/locations/100561752170999
352,Bronx Park,1453667208099200,facebook_places,32.246476,-110.969975,"<0.1mi · Bronx Park, Tucson",,https://www.instagram.com/explore/locations/1453667208099200
353,North Tucson,199867284006496,facebook_places,32.25188,-110.97749,"0.5mi · 2480 N Oracle Rd, Tucson, AZ",,https://www.instagram.com/explore/locations/199867284006496
354,Northside,203702816363261,facebook_places,32.272013450012,-110.97794435008,1.7mi,,https://www.instagram.com/explore/locations/203702816363261
355,Pima Canyon Trail,186648014703098,facebook_places,32.3535659655,-110.955122924,"7.4mi · Tucson, Arizona",,https://www.instagram.com/explore/locations/186648014703098
356,Southern Arizona Balloon Excursions,133334853403181,facebook_places,32.24988,-110.98026,"0.6mi · 537 W. Grant Rd., Tucson, Arizona",,https://www.instagram.com/explore/locations/133334853403181
357,The Nugget,111426661395962,facebook_places,32.2546087,-110.9613974,"0.7mi · 2617 N 1st Ave, Tucson, Arizona",,https://www.instagram.com/explore/locations/111426661395962
358,"Caesar's  Palace, Las Vegas",136430923078532,facebook_places,32.254550457001,-110.97044885159,"0.5mi · Tucson, Arizona",,https://www.instagram.com/explore/locations/136430923078532
359,Sahuaro National Monument - Gates Pass,437582076307686,facebook_places,32.2476851,-110.9600272,0.6mi,,https://www.instagram.com/explore/locations/437582076307686
360,"Pascua Yaqui Indian Village, Arizona",104704612901559,facebook_places,32.248550250312,-110.98400762404,0.8mi,,https://www.instagram.com/explore/locations/104704612901559
361,Tucson Brass Workshop,973172879367321,facebook_places,32.2474599,-110.96922,"<0.1mi · 2175 N 6th Ave, Tucson, Arizona",,https://www.instagram.com/explore/locations/973172879367321
362,BumSteer,608384462585659,facebook_places,32.245205,-110.971106,"0.2mi · 1910 N Stone Ave, Tucson, Arizona",,https://www.instagram.com/explore/locations/608384462585659
363,Tacos de Cabeza Estilo Cajeme,386171735282023,facebook_places,32.249902420725,-110.97528825168,"0.3mi · Tucson, Arizona",,https://www.instagram.com/explore/locations/386171735282023
364,The Dirty T,150468618305681,facebook_places,32.232618644375,-110.95131617937,"1.5mi · Tucson, AZ",,https://www.instagram.com/explore/locations/150468618305681
365,UofA recreation center,134375369963290,facebook_places,32.248560261981,-110.97416008333,0.3mi,,https://www.instagram.com/explore/locations/134375369963290
366,The Fraternal Order of Eagles Tucson Aerie Tucson Number 180,748187558643758,facebook_places,32.241280760525,-110.97146242558,"0.4mi · 1530 N. Stone Ave, Tucson, Arizona",,https://www.instagram.com/explore/locations/748187558643758
367,Catalina Vista,114419015568567,facebook_places,32.246506,-110.93973,"0.2mi · Catalina Vista, Tucson",,https://www.instagram.com/explore/locations/114419015568567
368,Culinary Dropout,266782000493923,facebook_places,32.25076,-110.93413,"0.3mi · 2543 E. Grant Road, Tucson",,https://www.instagram.com/explore/locations/266782000493923
369,"Snooze, an A.M. Eatery",112024297259520,facebook_places,32.24996,-110.9350286,"0.2mi · 2500 E. Grant Road, Suite 182, Tucson",,https://www.instagram.com/explore/locations/112024297259520
370,Mojo Cuban Kitchen and Rum Bar,102078829184464,facebook_places,32.2506,-110.94278,"0.4mi · 1929 E Grant Road, Tucson, Arizona",,https://www.instagram.com/explore/locations/102078829184464
371,105.3 La Poderosa Tucson,1409770409286342,facebook_places,32.18687,-110.91671,"4.4mi · 3222 s richey ave, Tucson, Arizona",,https://www.instagram.com/explore/locations/1409770409286342
372,Postino WineCafe,2393438980715480,facebook_places,32.2496657,-110.9349082,"0.2mi · 2500 E Grant Rd Ste 112, Tucson",,https://www.instagram.com/explore/locations/2393438980715480
373,Bookmans Bookstore,114324168719313,facebook_places,32.250298706054,-110.943346226,0.4mi,,https://www.instagram.com/explore/locations/114324168719313
374,Elcon Mall Theater,364863660197367,facebook_places,32.25145,-110.93645,0.3mi,,https://www.instagram.com/explore/locations/364863660197367
375,Kingfisher,145950135466378,facebook_places,32.250094,-110.9335768,"0.3mi · 2564 E Grant Rd, Tucson, Arizona",,https://www.instagram.com/explore/locations/145950135466378
376,Arizona Inn,668489886617012,facebook_places,32.2421922,-110.9392835,0.4mi,,https://www.instagram.com/explore/locations/668489886617012
377,Dr. Kelly's Vet - Tucson,112209290122934,facebook_places,,,,,https://www.instagram.com/explore/locations/112209290122934
378,Starting Lineup Barbershop,112288611230766,facebook_places,32.252355,-110.9444,"0.5mi · 2515 N Campbell Ave, Tucson, Arizona",,https://www.instagram.com/explore/locations/112288611230766
379,Saints Peter & Paul Catholic School,172693322866490,facebook_places,32.240298610522,-110.94297264951,"0.6mi · 1436 N Campbell Ave, Tucson, Arizona",,https://www.instagram.com/explore/locations/172693322866490
380,Tanque Verde Peak,126344410745682,facebook_places,32.19555041,-110.63134027,18.2mi,,https://www.instagram.com/explore/locations/126344410745682
381,Banner Health,394218857617803,facebook_places,32.242930110759,-110.94620129734,"0.6mi · 1625 N Campbell Ave, Tucson",,https://www.instagram.com/explore/locations/394218857617803
382,Dante's Fire,294178164045905,facebook_places,32.24992,-110.93442,"0.2mi · 2526 E Grant Rd, Tucson, Arizona",,https://www.instagram.com/explore/locations/294178164045905
383,Edge Bar,1999716133672257,facebook_places,32.291017989277,-110.99579815667,"4.5mi · 954 Flowing wells, Tucson, Arizona",,https://www.instagram.com/explore/locations/1999716133672257
384,Garden District,333267847285278,facebook_places,32.238709143602,-110.90883048524,"0.7mi · Garden District, Tucson",,https://www.instagram.com/explore/locations/333267847285278
385,Stay Home Save Life,102158228124803,facebook_places,,,,,https://www.instagram.com/explore/locations/102158228124803
386,Garden District Neighborhood Association (GDNA),340692586856,facebook_places,32.247551313775,-110.90738209676,"0.2mi · Swan to Alvernon, Grant to Speedway, Tucson, Arizona",,https://www.instagram.com/explore/locations/340692586856
387,VASA Fitness,405658580218682,facebook_places,32.2492971,-110.9085126,"0.3mi · 3920 E Grant Rd, Tucson, Arizona",,https://www.instagram.com/explore/locations/405658580218682
388,Kha District - near Tucson Botanical Gardens,2265074190470551,facebook_places,,,,,https://www.instagram.com/explore/locations/2265074190470551
389,Yume Japanese Gardens of Tucson,428583107213731,facebook_places,32.247269,-110.909241,"0.3mi · 2130 N Alvernon Way, Tucson, Arizona",,https://www.instagram.com/explore/locations/428583107213731
390,Psychosomatic Transformation Center - Grant,865663186897345,facebook_places,32.2502159,-110.8976265,"0.4mi · 4444 E. Grant Road, #109, Tucson, Arizona",,https://www.instagram.com/explore/locations/865663186897345
391,"5th Dimension, Upper Astral Plane",421899034596413,facebook_places,45.833708037347,-88.049331064244,,,https://www.instagram.com/explore/locations/421899034596413
392,His Presence Church Arizona,104341399635234,facebook_places,32.249218618044,-110.9055079224,"0.1mi · 4108 E North St, Tucson, Arizona",,https://www.instagram.com/explore/locations/104341399635234
393,Columbus and Pima,176094155813485,facebook_places,32.24357967,-110.90144173,0.3mi,,https://www.instagram.com/explore/locations/176094155813485
394,Grant and Alvernon,258567334169730,facebook_places,32.25106235,-110.90924455,0.4mi,,https://www.instagram.com/explore/locations/258567334169730
395,John F Kennedy Park Tucson AZ,556118074413938,facebook_places,32.2524223,-110.9117957,0.5mi · Tucson AZ,,https://www.instagram.com/explore/locations/556118074413938
396,The Shelter Cocktail Lounge,172769339424168,facebook_places,32.2510358,-110.9042075,"0.2mi · 4155 E Grant Rd, Tucson, Arizona",,https://www.instagram.com/explore/locations/172769339424168
397,RoadHouse Cinemas Tucson,604918992897769,facebook_places,32.2521556,-110.8898324,"0.9mi · 4811 E Grant Rd #150, Crossroads Festival,, Tucson, Arizona",,https://www.instagram.com/explore/locations/604918992897769
398,3rd Stone from the Sun,183631258468379,facebook_places,32.24424753,-110.89981104,0.4mi,,https://www.instagram.com/explore/locations/183631258468379
399,Tuscon,165479880163508,facebook_places,32.24933418914,-110.9086371773,"0.3mi · Tucson, Arizona",,https://www.instagram.com/explore/locations/165479880163508
400,Vertica Fitness Tucson,260200162114,facebook_places,32.250470294319,-110.90389421819,0.2mi · Speedway,,https://www.instagram.com/explore/locations/260200162114
401,The Loop River Bike Trail,483537911756281,facebook_places,32.257476070225,-110.9218060149,"1.2mi · Tucson, Arizona",,https://www.instagram.com/explore/locations/483537911756281
402,Ihop,126247657444232,facebook_places,32.2531771614,-110.910216225,"0.5mi · Tucson, AZ",,https://www.instagram.com/explore/locations/126247657444232
